x,y,temp,humidity,windspd,winddir,rain,days,vulnerable,other,ranger,pre1950,heli,resources,traffic,burned
7.834467005,8.306801375,99.50696435,65.94070394,7.614523132,W,3.69E-05,127,1157.377161,0,0,1,0,117.067076,med,791.620319
2.694921592,3.551932608,69.88765702,31.89504503,6.534183526,E,4.00E-05,115,1134.429689,0,1,0,1,127.5980188,hi,451.9518976
6.498186086,4.106110939,91.15293023,57.60607329,11.58096453,SE,4.11E-05,119,1209.603068,0,0,0,1,132.2736786,hi,584.4513607
8.750841394,8.887995444,54.36059284,46.16671985,15.38335118,E,3.97E-05,112,1118.691631,0,0,0,0,116.4826087,hi,589.6815837
9.20021048,9.81014704,77.4427913,25.49094517,7.096638973,NW,4.54E-05,146,1319.237687,0,0,1,0,136.5217503,lo,1010.567058
4.389528942,6.842229179,80.15204405,46.36138352,8.403634472,NE,4.29E-05,118,1185.512829,0,0,1,0,121.4636272,lo,776.507913
8.329759303,6.256841949,71.1995391,46.69367843,10.84613752,S,3.71E-05,107,1096.058903,0,0,0,1,118.1385585,hi,602.1131019
12.7762813,7.102120409,59.35819845,26.20846323,17.36985561,NW,3.81E-05,110,1081.696639,0,0,0,1,119.7812429,med,518.9837109
7.859533578,7.431143469,83.96567633,53.41501622,12.7232452,SE,4.44E-05,140,1314.092004,0,0,1,0,133.0810962,hi,915.6106818
9.257165323,13.76450339,69.31566224,28.68501215,13.88338808,N,4.55E-05,132,1277.519237,0,0,0,1,136.5461681,med,881.0871393
12.58638105,9.429313647,79.9671802,36.48543104,9.475427476,NW,4.20E-05,130,1225.633292,0,0,0,1,140.1616485,med,778.2765258
7.239222309,8.258401501,93.63541028,40.83597023,14.35726436,SW,4.32E-05,114,1153.957776,0,0,1,0,120.8148283,lo,675.4665278
5.38458095,4.480479516,71.5049222,52.28627116,1.091095495,SE,3.59E-05,107,1061.484857,0,0,0,1,120.1851155,hi,453.3236828
9.496734902,13.31234078,71.95824117,26.27762432,5.632382573,N,4.74E-05,148,1354.743934,1,0,0,0,118.3571555,hi,1245.092842
10.16723423,9.222713307,94.41540399,51.57247701,2.682428748,NW,4.43E-05,155,1432.299563,1,0,0,0,124.1999569,lo,1410.038075
6.870242828,8.666592128,69.07811307,52.99483528,3.479153129,NW,3.87E-05,107,1055.057912,0,0,0,1,115.7477629,hi,500.9747812
6.798585158,5.129327028,72.72411153,17.55819386,11.50317113,SW,5.00E-05,156,1407.004661,1,0,0,0,126.0817918,lo,1334.196988
7.070985775,6.619369336,61.76369796,34.56312863,13.45378183,N,4.44E-05,109,1156.156106,0,0,0,0,122.2067975,hi,629.2972879
6.235643055,8.362777364,82.48951856,40.968718,14.06691612,N,4.71E-05,138,1249.030601,0,0,0,1,140.1584566,med,787.5282662
11.61624691,7.60835351,59.35132147,12.89827126,15.23901278,NE,3.98E-05,120,1147.455884,0,0,0,0,121.5605575,lo,594.2930274
6.621226537,6.25959674,88.45216412,47.03743644,16.64342762,NE,4.05E-05,115,1054.51984,0,0,0,0,108.5502426,lo,594.1600988
6.604335608,8.875910263,72.8025696,49.29370953,18.20845647,N,4.91E-05,127,1287.230505,0,0,0,1,142.6830332,hi,796.3795378
9.296754026,9.507258105,75.14735666,30.28316826,20.46754507,SE,4.27E-05,133,1315.246712,0,0,1,0,131.9839971,med,961.1175548
6.177157744,7.958624983,93.43363867,57.35439305,15.05088312,S,4.00E-05,120,1169.406167,0,0,1,0,118.310088,lo,655.5708815
10.52878912,11.39667966,81.44983997,57.60073095,9.276244789,NW,3.79E-05,112,1113.704427,0,0,1,0,110.67933,hi,602.7602481
11.81156414,11.62642722,82.77068871,43.85621494,10.99231953,NE,5.33E-05,143,1449.711234,1,0,1,0,126.2600741,med,1230.162723
8.796260869,10.00354157,75.17083922,34.17571871,14.32861459,E,4.20E-05,133,1261.457567,0,0,0,0,126.5029023,hi,812.9365832
8.060962051,9.575602187,52.54523875,4.058124119,6.480631325,NW,3.52E-05,126,1093.630051,0,0,0,1,120.9633501,lo,564.0791816
2.680943796,3.459026112,70.30536106,20.72098411,13.36094341,S,3.60E-05,119,1109.001325,0,1,1,0,117.9173164,lo,618.6614936
15.9308855,8.993495092,79.67596285,52.52729436,5.432465698,SE,4.12E-05,125,1193.540216,0,0,1,0,123.4631518,hi,662.7531718
13.24605593,8.365984992,118.8804014,83.69040224,10.95893266,E,4.67E-05,152,1412.77402,1,0,1,0,124.5651583,med,1384.044679
10.70777575,14.11249749,62.96325229,26.38478193,8.778406489,SE,3.87E-05,116,1075.320536,0,0,0,0,109.3388058,med,548.3344444
8.608815858,6.306642603,63.40657568,28.38273788,16.35461616,E,4.27E-05,113,1153.533259,0,0,1,0,120.7946673,med,585.6178495
1.851552198,5.237792902,99.80608032,55.90856461,11.72418151,NW,4.70E-05,156,1385.906588,1,0,1,0,121.6483155,lo,1304.137975
14.02366426,12.56620109,81.81350887,31.37791516,2.094925775,SW,4.56E-05,154,1362.134373,1,0,1,0,118.1026092,lo,1252.500676
7.415602664,5.602599933,72.68566076,43.88748363,6.058771314,NW,3.68E-05,111,1036.120866,0,0,1,0,106.6842604,hi,549.8956154
4.336077,7.331587411,96.691594,48.42725991,11.56148725,S,4.44E-05,152,1378.046173,1,0,0,1,132.003588,lo,1307.674002
3.827983913,10.3938565,48.82757766,11.82459301,12.052035,NE,3.42E-05,104,1027.860535,0,0,1,0,102.7062043,med,337.703953
14.69464115,11.28808331,77.89307885,39.71058176,9.571146777,SE,4.27E-05,114,1197.696094,0,0,0,1,133.8528889,med,682.8541013
7.366857494,16.68124744,47.74128347,15.00408797,4.732343621,W,3.70E-05,102,1048.556306,0,0,0,0,110.8014278,lo,386.1215606
4.741298484,6.601576041,81.87268482,37.79634518,14.06939362,SE,4.85E-05,154,1386.104425,1,0,1,0,121.0920964,med,1424.925854
9.289490885,11.64045884,73.2892134,41.05316664,8.20774949,W,3.53E-05,92,957.6843361,0,0,0,1,110.667815,med,253.1008577
6.503566926,10.29452963,75.3300432,44.44972611,9.515077127,SW,4.39E-05,133,1277.279744,0,0,0,0,134.3645408,hi,840.0611836
6.645749035,6.221519031,92.15514901,59.92747664,14.96288941,NW,3.60E-05,125,1165.410364,0,0,1,0,118.7017598,med,755.9579237
10.94121201,5.904593476,69.47235773,27.72022912,12.74204153,W,4.45E-05,108,1156.031184,0,0,0,1,128.9882594,hi,568.2427501
9.367093483,8.573434207,65.74568713,38.03864314,8.7671809,E,4.28E-05,116,1160.534754,0,0,0,1,128.1016198,med,562.1161695
7.985548831,12.64992378,64.6728219,29.69648548,0.684416131,NW,3.73E-05,114,1123.848748,0,0,0,1,124.6338433,hi,534.6371373
5.847481165,8.039049522,72.73744548,49.14137382,17.83149589,S,3.95E-05,97,991.637974,0,0,0,1,112.3537533,hi,198.23157
9.703314115,7.815512444,74.9111736,40.91529838,16.48653077,S,3.88E-05,134,1225.798126,0,0,0,1,134.9043066,hi,887.6347815
10.65041877,8.865539335,88.3689656,63.49261261,10.66013157,S,3.32E-05,100,1001.925281,0,0,1,0,99.34441215,hi,267.6017452
6.852973821,10.02328748,83.85751156,53.71638494,12.26297636,E,4.67E-05,136,1317.266887,0,0,1,0,131.6455681,hi,854.6730123
6.562580433,8.497934911,100.8590575,66.4615447,7.02831159,W,4.10E-05,133,1257.192188,0,0,1,0,126.3769905,hi,866.0276457
8.59793987,7.567412492,43.23791919,10.27740819,8.248954659,N,3.27E-05,94,921.5039415,0,0,1,0,96.24294844,hi,166.5941643
10.47073502,7.376812046,88.54177926,47.97034365,0.154445311,NW,4.91E-05,143,1359.706497,1,0,0,0,113.0474442,lo,1248.675883
11.99679059,9.576557941,88.6204098,52.72125892,12.61832243,SE,3.65E-05,120,1109.880115,0,0,0,1,128.5148966,med,691.9423568
6.456139972,7.647355399,81.0006906,66.6503039,9.644227269,E,4.56E-05,114,1164.374107,0,0,1,0,115.5812587,hi,649.8932311
9.76965748,6.128078214,66.7886309,30.36148547,5.396190518,N,4.43E-05,140,1280.248424,0,0,0,1,131.1630602,hi,906.7606254
5.809640879,9.407982325,64.1938593,28.53620051,5.667935329,S,3.96E-05,135,1247.408196,0,0,0,0,129.6134584,hi,1003.36059
6.602740201,9.295715126,66.85661718,35.79109886,4.935420469,SE,4.11E-05,121,1164.418641,0,0,0,1,121.8853259,hi,593.9571948
6.021082184,11.55904046,61.61516418,12.81856846,17.2961985,E,4.87E-05,136,1403.486416,1,0,0,0,122.1699014,lo,1248.895861
6.480147637,7.705131892,77.25677991,42.29021468,0,W,4.40E-05,146,1336.436157,1,0,0,0,119.1280836,med,1186.27081
10.32248836,10.51732228,79.74991575,58.44816131,4.582738839,SW,3.62E-05,110,1058.342121,0,0,1,0,107.4606433,hi,574.4839731
8.511364231,4.478399948,72.46935964,31.22641823,3.561507288,E,4.82E-05,140,1360.512114,1,0,0,0,121.8274727,med,1190.427777
9.39046344,6.902464477,26.46067354,0,0,NE,3.86E-05,102,1042.990075,0,0,0,1,114.0625192,hi,251.2609728
9.115986172,8.309900463,97.05458413,43.02081551,13.61402017,W,4.29E-05,142,1272.031337,0,0,1,0,130.3739034,lo,852.3898741
8.671061801,7.717989465,80.43879246,67.58258837,12.34954276,W,4.36E-05,99,1101.46913,0,0,0,1,123.9711055,hi,217.7022049
12.83525541,6.779803546,65.64912004,21.62145413,7.968546647,N,4.26E-05,137,1316.139221,0,0,0,1,145.5265099,med,1076.402821
8.150236533,8.439362692,68.57897268,44.60667815,6.513447986,E,3.70E-05,99,1049.388552,0,0,0,1,117.063717,hi,317.1809517
7.241478864,4.579181778,93.74124677,58.83970129,9.279637852,S,4.35E-05,147,1375.028078,1,0,0,1,136.6500094,med,1234.45468
8.966552514,9.351896554,71.95737448,40.62707356,8.723765527,SE,3.62E-05,105,1086.623968,0,0,0,1,122.3834113,med,527.76463
7.390075911,6.616801849,64.9226984,42.60354585,7.266039531,SW,4.77E-05,137,1315.527403,0,0,1,0,135.0062341,hi,857.7280595
7.922738086,7.651691571,64.35543595,25.3457262,18.80027392,E,3.96E-05,106,1055.840937,0,0,1,0,107.5920531,med,368.0030059
11.04648474,13.01661863,93.3177749,46.51915541,14.32997854,W,4.12E-05,138,1230.312731,0,0,1,0,121.7884492,lo,884.1212493
8.104880721,10.21492295,84.8052027,39.83020999,12.04590155,S,4.46E-05,120,1215.032353,0,0,0,0,120.1679098,lo,839.2478586
5.445606929,7.74797182,50.86919213,1.536606894,8.991299572,S,4.85E-05,134,1289.632336,0,0,0,1,140.6685613,lo,915.6249126
4.468155925,5.000031207,71.11980876,25.39998789,3.96201924,N,4.08E-05,117,1108.136409,0,0,0,1,119.5058767,lo,551.8110514
10.12084706,10.70823533,88.25161134,50.83570953,2.844021457,NW,4.38E-05,100,1105.799639,0,0,1,0,109.2013734,lo,509.3714333
7.741802372,5.82788963,82.24207153,40.56878178,8.107801093,SE,3.67E-05,114,1095.593575,0,0,1,0,106.889371,med,536.1491866
9.002295246,7.319580712,96.94161792,46.136876,7.595215085,SW,4.69E-05,153,1378.404697,1,0,0,1,128.3298307,lo,1350.473428
6.121788131,10.91253742,97.99390475,68.8739513,8.460317655,E,3.57E-05,120,1124.209942,0,0,0,1,123.3953395,hi,730.4187423
8.903905403,7.626171974,93.91898712,71.63937648,10.47177305,NW,4.34E-05,104,1104.273409,0,0,1,0,119.6340962,hi,404.2775916
10.75676389,13.86674859,45.90913706,11.51454413,4.718957739,E,4.12E-05,104,1096.253729,0,0,1,0,116.7011801,hi,401.3553128
6.307002459,9.435477307,73.24791461,33.76836749,10.02468053,E,3.75E-05,109,1050.833341,0,0,0,1,118.4165357,med,476.8385184
8.887669896,9.662857014,67.24311453,17.7348117,10.74206915,N,4.07E-05,148,1320.643062,0,0,0,0,134.6096363,lo,1138.715157
6.516431632,11.43878683,113.9952967,71.8035096,3.286818295,NW,4.19E-05,132,1200.711869,0,0,0,1,127.7102672,lo,733.8913999
5.648324386,2.430052525,56.91409852,36.8695396,5.415855065,W,4.12E-05,109,1140.650873,0,1,1,0,122.5449071,hi,554.7429944
9.988978784,9.886809582,57.73435407,27.19647846,6.659401183,W,3.53E-05,111,1077.853106,0,0,0,1,120.9064378,hi,495.9180874
5.376246799,9.094977707,72.35742923,33.46820641,16.36495207,E,4.48E-05,134,1293.576794,0,0,0,1,142.8776,med,758.2102124
8.291525757,4.819969808,63.62664228,24.79521724,14.07401008,N,4.61E-05,135,1324.381015,0,0,1,0,136.7209151,hi,875.0344802
8.541966133,7.792133858,61.06690304,39.64379064,2.888261634,SE,4.20E-05,119,1174.549567,0,0,1,0,120.1659279,hi,679.221632
4.336471772,8.925064345,38.52324143,3.741803873,13.16344292,SE,4.06E-05,113,1152.474563,0,0,0,1,130.1782966,med,562.3379035
6.752340369,10.85045455,80.0428859,42.90278622,11.50123928,S,3.92E-05,122,1123.98198,0,0,1,0,113.0365873,hi,740.7916063
8.660255974,9.816041075,86.85592605,44.35192655,13.39071373,NE,4.15E-05,136,1236.16251,0,0,0,1,135.2645203,med,886.1113325
9.779601075,11.75472204,64.93025636,22.47021544,12.54839331,W,4.07E-05,122,1163.287529,0,0,0,1,126.0919231,med,618.956028
6.633970424,10.84279256,59.54850111,32.9878092,8.068421258,SW,5.17E-05,139,1389.251101,1,0,0,1,131.9794925,hi,1087.062275
8.709253198,3.877892517,58.41539377,63.23130082,7.765686369,W,2.72E-05,81,825.2449884,0,0,1,0,88.23475727,hi,122.2907373
8.490887306,5.077685234,45.62637453,14.57151836,6.387877211,E,3.12E-05,76,837.07914,0,0,0,0,86.99089583,hi,209.8742535
12.88505991,10.26547443,99.00186111,64.40197559,10.60570586,SE,3.78E-05,129,1206.792114,0,0,1,0,121.002049,med,887.4518927
6.596336665,7.583662153,91.56897551,56.4151472,6.47076043,E,5.08E-05,134,1373.62485,1,0,1,0,119.2521671,med,1107.652734
8.752635754,9.092271246,63.25434093,23.66129368,10.65229593,S,3.71E-05,113,1130.385047,0,0,0,1,130.1042945,med,670.0783482
9.434422619,7.676166526,61.89128853,18.70764992,14.24415014,S,3.93E-05,129,1176.344099,0,0,0,1,121.6730669,med,796.7872799
8.786245395,9.141098324,81.26561908,31.96252852,16.80259928,W,4.02E-05,130,1245.581269,0,0,0,0,124.121202,med,721.1747007
8.639749268,12.30613093,63.58383276,31.18748507,14.68784408,NW,3.73E-05,116,1157.77536,0,0,0,1,125.8040379,hi,676.1486178
7.534414721,7.880769604,88.43250186,46.5967795,8.256907632,NW,4.36E-05,111,1152.603882,0,0,1,0,114.9419199,med,590.2659702
6.448316767,11.64764828,77.76383858,39.76722501,10.91907155,SE,4.45E-05,128,1270.501783,0,0,0,1,136.9215748,med,810.2932166
8.616659045,12.19879244,52.34359373,17.44180427,14.50406004,N,3.09E-05,93,916.0795987,0,0,0,1,102.3306701,hi,291.2168194
10.60204267,11.93328118,65.26066172,24.65700825,14.13944255,E,4.25E-05,131,1218.968583,0,0,0,1,133.6824823,hi,742.3060983
9.574583403,7.871084665,62.0163285,7.034497543,8.118836516,W,4.78E-05,147,1395.90281,1,0,1,0,120.5430066,lo,1304.851428
-1.813332159,-0.995540788,50.39484018,11.16669144,12.32028335,N,3.65E-05,121,1162.511077,0,0,0,1,124.4127121,hi,575.1029184
-0.972175525,2.964055655,75.60481831,2.849647895,22.40582663,NW,4.07E-05,148,1264.464505,0,0,1,0,130.441555,lo,1135.70569
1.150724955,-2.915539092,76.33516586,43.95657287,13.54356901,NW,4.36E-05,127,1202.683784,0,1,1,0,122.611278,med,668.5065843
-3.096549993,1.365884728,80.87968317,28.05988435,9.586674559,S,3.99E-05,146,1291.090748,0,1,0,0,134.8883022,lo,928.7151067
2.172993188,1.781389009,79.57020522,40.97132603,14.87126834,E,4.18E-05,136,1287.417074,0,0,0,1,140.8283084,lo,846.0017839
-3.552860574,1.437875197,61.01519004,35.92996386,0.401415663,N,3.90E-05,99,1071.621907,0,1,1,0,115.7661202,hi,304.9058703
0.732526594,-4.831369285,97.56584295,72.00678856,19.45655409,W,4.21E-05,119,1164.698818,0,1,1,0,126.7877656,hi,540.551935
-2.811654946,2.776157502,82.82766372,55.50778518,13.13257844,NW,4.00E-05,123,1177.015464,0,1,1,0,115.992939,hi,697.8863635
1.904009396,-0.662665365,61.94294244,28.10906888,9.624424965,SW,3.73E-05,126,1220.277081,0,1,0,1,134.0879101,hi,765.3000777
-1.026176242,-3.18647726,89.61984917,62.88844854,7.982091475,S,4.48E-05,142,1372.945734,1,0,1,0,117.4770703,hi,1270.86808
-2.739074156,0.442421264,62.67793522,23.22622125,11.57993785,SW,3.72E-05,123,1170.185649,0,1,0,1,132.4199794,hi,718.9490827
-4.214323979,3.247417163,71.89787676,13.2842656,10.10250425,NW,4.82E-05,136,1320.315515,0,1,1,0,141.8233263,lo,861.6535262
-2.022199366,-0.818908341,80.53889885,57.89621527,12.32401123,NW,4.54E-05,108,1149.222209,0,1,0,1,128.8655053,med,380.123748
-1.60906674,1.791738247,79.75540882,35.45909895,8.5661686,SW,4.10E-05,113,1178.227969,0,1,1,0,119.9471762,med,663.2456361
3.314125424,-1.814993309,85.90021164,35.31852487,5.698033752,SW,3.90E-05,137,1283.623077,0,1,0,0,136.2897217,lo,763.3119844
-2.631244787,3.34768749,59.82411424,21.36318594,18.40220171,NE,3.44E-05,113,1065.906557,0,0,0,1,111.888434,hi,559.298443
-1.565950936,-5.909217442,72.16223033,33.65069525,14.404193,S,5.14E-05,147,1386.243254,1,0,1,0,122.1817449,med,1318.727604
2.238899481,1.881369987,90.74065566,69.7574952,14.33026244,E,4.04E-05,139,1227.363139,0,1,0,1,143.9740196,hi,745.4911389
-2.741627645,-0.135751588,70.98245624,45.50839948,6.586226871,NE,4.18E-05,115,1108.18788,0,0,0,1,119.5605208,hi,576.4342327
1.198206537,-0.515237698,51.3234034,46.25097678,5.358724751,S,4.31E-05,89,1072.052884,0,1,0,1,119.4798643,hi,318.1253435
-1.85712565,-1.123233597,82.36798294,46.37104602,13.23772243,NW,4.35E-05,119,1158.726798,0,1,0,1,126.2918267,hi,616.2406116
2.517050005,-1.707489333,83.57953632,74.24937706,13.77072391,W,4.25E-05,97,1062.143107,0,1,0,1,121.6369353,hi,299.846567
-3.096144202,1.199288609,74.16888802,39.57318714,0,SW,4.09E-05,129,1242.327535,0,1,1,0,124.3013664,med,662.4251477
0.859757948,-2.684577207,82.42752736,45.46787602,15.12875759,SE,4.50E-05,140,1359.955501,1,0,0,1,124.9470353,hi,1056.942979
0.441973588,1.80390857,91.66241773,50.1553422,13.90770598,NW,4.10E-05,121,1118.473323,0,1,1,0,117.0285191,med,466.9360051
-2.486019976,0.960053364,59.83254624,38.85115347,12.3808197,N,3.98E-05,120,1197.604932,0,0,0,0,120.0638305,hi,579.7895036
-6.151099689,1.440657041,76.27342785,34.84983774,19.78590165,NE,4.43E-05,143,1319.30452,0,0,0,1,144.5972145,hi,1012.967205
-8.464618688,-4.143634913,46.48172268,4.342189627,12.54836228,NE,4.39E-05,138,1299.252905,0,0,0,1,137.4233011,hi,853.0622656
-1.800397968,-1.172395933,69.81155191,41.89549262,11.5983036,W,3.99E-05,114,1136.631219,0,1,0,1,128.3959974,med,540.2422697
-0.31692809,0.903699239,44.58601237,20.24289173,11.12067914,S,4.48E-05,117,1216.446783,0,1,0,1,137.7809408,hi,667.8762675
-0.718240175,-3.118818913,55.30872536,0.248987956,17.27519138,S,4.06E-05,121,1147.534389,0,1,0,1,130.8855737,med,540.0906402
-2.124132195,-0.439270891,55.82663942,34.86054891,1.854188159,W,3.99E-05,97,1029.646865,0,0,0,1,110.8593811,hi,491.0426319
2.222057284,-0.317074407,79.70296283,17.20985361,10.18337646,N,4.00E-05,132,1236.789485,0,0,1,0,124.6709637,lo,616.0494146
-2.334633234,-1.873764269,93.89701566,48.24108201,10.42474048,NW,4.17E-05,129,1210.034357,0,1,1,0,119.4044093,med,720.7908604
-5.771022072,1.962060806,80.56943199,63.9977033,8.13834899,NW,4.47E-05,108,1152.138539,0,0,0,1,125.71182,hi,526.4990501
-3.771882944,-3.689017038,51.77980185,42.24896568,13.01760134,SW,4.10E-05,87,1074.119676,0,0,1,0,113.950754,hi,292.282299
-0.300575015,0.494377341,61.52204287,19.32146439,3.027585074,N,3.81E-05,117,1187.238821,0,1,1,0,125.5029069,hi,566.245198
-3.591694955,3.12975196,99.77267344,46.41880581,13.61231292,SW,4.31E-05,143,1282.453572,0,1,1,0,137.3514017,lo,963.9480652
-2.512060448,0.449295637,81.0264352,44.62428854,6.755578009,N,4.46E-05,146,1341.582911,1,0,0,1,124.4755295,hi,1532.012508
-3.922154293,-0.938287356,86.61860601,74.05929537,11.41108843,SW,3.84E-05,113,1057.881293,0,0,1,0,102.1935058,hi,539.8075598
-5.187202203,0.100359788,49.47228581,20.39774187,7.637119504,N,3.44E-05,104,1016.720884,0,1,0,0,104.798973,hi,437.0956747
-2.273250825,-2.948076448,76.43411304,55.0576315,15.74243138,E,3.80E-05,106,1083.6775,0,0,1,0,112.3630392,hi,518.6298923
0.22491557,0.359185231,73.73082035,35.63879743,14.41941886,NW,4.37E-05,133,1276.922911,0,1,0,0,130.2175236,hi,830.069157
-4.785868373,3.142667915,73.84042839,36.28280182,16.570904,E,3.78E-05,106,1075.340746,0,1,0,1,119.6529778,hi,527.1299883
1.359708437,-1.907542213,66.16457677,19.31014611,11.78041679,S,5.13E-05,139,1379.300234,1,0,0,0,126.1935095,lo,1157.136353
-0.725232282,1.375776277,84.83173866,44.82874733,10.9389821,SE,4.41E-05,135,1240.268476,0,1,1,0,126.8947502,lo,874.4377682
0.080232309,-2.484053286,83.98383,71.3518729,14.04064035,NE,4.54E-05,106,1227.963252,0,1,0,1,139.3631782,hi,612.3121633
-3.275538039,0.731396586,79.29403752,42.65488586,19.72531155,S,3.67E-05,119,1133.386423,0,0,0,1,132.4912629,hi,557.0529247
-2.788376883,3.518044812,57.33905469,23.43011404,0,E,3.73E-05,113,1113.675611,0,1,0,1,124.8317259,hi,455.020666
-2.566454893,-2.908607031,80.31157424,51.04061178,12.9825121,N,4.11E-05,128,1180.087061,0,0,0,1,129.3260363,hi,650.4055039
-0.456651876,1.737491368,77.53267223,33.23272157,14.72204253,NW,4.08E-05,144,1292.400277,0,1,1,0,138.5040409,med,910.3397864
-6.023688005,-1.424701059,110.3036911,74.02399601,6.899146872,E,4.46E-05,152,1358.828136,1,0,0,0,124.5149792,lo,1274.552263
-3.065692012,3.057879616,80.58843512,42.16843595,12.97276523,SE,4.11E-05,118,1176.20505,0,1,0,1,132.544831,med,770.253441
2.33625951,-2.375743034,73.93602776,60.1811891,18.03308405,SW,3.88E-05,102,1071.923935,0,1,0,1,124.3360277,hi,451.9370795
-1.355393218,0.879454279,66.10807643,41.81301872,14.38484546,S,3.83E-05,91,984.8690756,0,1,0,0,102.6887911,hi,362.9602131
-6.101300142,-0.727969915,79.51236712,49.375429,7.719408797,E,3.80E-05,104,1087.014822,0,0,0,1,119.9237947,lo,533.2495537
-4.530143721,-0.479796461,47.75754654,14.47061595,4.832179352,NE,4.25E-05,120,1233.79715,0,1,0,1,140.437374,lo,538.9499548
-0.209357463,6.560061963,94.79277841,44.90819275,11.96214491,W,4.82E-05,148,1388.39301,1,0,1,0,126.8848813,lo,1241.492228
-2.408832889,-0.412943039,91.69163768,44.51548442,1.27306886,SW,4.31E-05,141,1264.641566,0,1,1,0,130.8805039,lo,889.9959051
-1.041928311,7.174098302,83.46801993,49.32803836,16.63857354,S,4.00E-05,107,1097.297316,0,1,0,0,112.1189453,hi,487.12407
-1.413956184,-6.662078115,61.96814109,19.92957004,8.56214075,S,3.79E-05,124,1175.147274,0,0,1,0,117.8003249,med,774.7223195
-1.676473453,2.427670977,62.76359901,18.30776032,15.14566592,SW,3.69E-05,132,1255.158218,0,1,0,1,146.2651096,med,673.4609711
-2.106541542,-2.274686152,81.21285524,52.09100935,6.279969443,SE,4.40E-05,150,1362.353462,1,1,1,0,119.8995311,med,1268.845107
-2.814334129,0.04425537,60.51582096,28.44945902,12.78157808,E,4.13E-05,107,1116.054592,0,1,0,1,121.7877488,hi,353.828688
-0.766949849,-1.135409718,96.62408636,81.45263599,14.64111926,SE,4.71E-05,118,1211.901998,0,1,1,0,120.9234539,hi,615.7276701
-1.55680535,-3.36595186,58.70996654,43.14720148,13.12563895,SW,4.09E-05,105,1073.873451,0,0,1,0,108.5261855,hi,382.16249
-4.613069432,0.804953126,68.94445625,47.71793848,14.18659139,S,4.27E-05,97,1104.830655,0,0,0,1,124.079277,hi,381.0095049
-1.925673832,-2.765070201,76.64630324,40.36090747,9.345820549,SW,3.96E-05,116,1138.96574,0,1,0,1,127.8029226,hi,529.7596601
-1.997512886,6.347293517,85.0331613,63.8769887,12.29224138,SW,3.94E-05,110,1100.2204,0,1,0,1,127.0216768,hi,516.8596595
-1.760601976,4.789547199,40.33892232,17.47941301,15.54836941,NE,3.91E-05,118,1121.390317,0,1,1,0,118.8926136,hi,535.1983085
-4.16422488,3.702770943,71.36920624,39.01560583,10.59703901,SW,4.15E-05,118,1151.720989,0,1,1,0,121.8500933,hi,731.8244974
-6.005926032,-4.408364285,84.46305083,45.99871068,10.19616053,W,4.60E-05,142,1319.824163,0,0,0,0,136.0221807,hi,993.5565335
-0.231265502,-0.146060331,57.83249495,11.0922875,18.18455059,W,3.76E-05,91,1011.616674,0,1,1,0,105.2847017,hi,317.0770103
0.656780309,-1.273370894,86.31046739,55.10097893,10.22086949,SE,4.75E-05,137,1296.959028,0,1,1,0,133.3812341,hi,775.7362569
-4.263733999,-1.730407786,83.15143116,47.75422986,13.23481285,N,3.92E-05,108,1056.083308,0,0,0,1,121.370884,med,501.6458232
-2.052909934,3.749737675,44.96066231,8.794331722,7.798113666,NE,3.90E-05,100,1058.397223,0,0,1,0,105.506413,hi,361.6232259
-3.161532639,-2.529106494,51.07395232,21.64855806,12.19030497,N,4.32E-05,123,1223.79277,0,1,1,0,123.1129957,hi,774.0033588
-1.815331311,3.938128485,71.93603325,35.3598217,5.694754848,SE,3.73E-05,103,1033.815511,0,1,0,1,114.8035673,hi,281.1974247
-2.682035062,0.62494976,46.08841713,10.51537156,0.280264269,NE,4.08E-05,118,1159.927193,0,1,0,1,131.7607044,med,551.3303393
-2.158497475,-3.727581267,79.13469784,42.22734654,7.133417206,W,4.30E-05,131,1245.477319,0,1,1,0,128.7265157,hi,744.186606
-4.221657773,-1.156791503,93.62528426,54.84562802,10.09692866,NW,4.05E-05,131,1230.642895,0,1,0,1,139.9510481,lo,690.2936445
-2.67339905,2.560621329,94.99894949,51.93462337,14.50638192,S,4.25E-05,132,1210.443806,0,1,0,1,140.5900506,lo,718.4535004
2.950343905,3.279986977,47.70027831,6.618463744,6.118312299,N,4.53E-05,138,1339.422412,0,0,0,1,149.2685066,med,860.670347
-0.777996006,1.91831086,67.25707999,33.40081063,5.696734889,NW,4.97E-05,151,1405.128905,1,0,0,0,121.734637,hi,1362.014711
-3.968890538,-0.031448273,37.97573584,6.706531638,0.479945262,E,4.60E-05,103,1114.77613,0,1,1,0,121.2753664,hi,388.9959991
-1.311592787,-2.545006606,76.45333799,31.34325232,16.34709209,W,3.92E-05,139,1219.23261,0,1,1,0,125.9713597,lo,831.5418258
0.576100184,2.286727988,97.89022887,54.5129527,13.16844051,NE,4.79E-05,147,1406.540528,1,0,1,0,119.6052481,lo,1276.042334
-1.704770803,1.808735215,68.33407746,35.28045063,6.416663295,SE,4.05E-05,103,1022.579086,0,0,1,0,103.4265945,hi,469.8826446
-1.317129887,-3.960270108,66.97531921,65.30858198,8.881599799,W,4.02E-05,78,930.4682215,0,1,0,1,110.8236514,hi,115.2515457
-2.739730337,6.139198584,85.81768989,30.77730105,9.394284203,SE,4.74E-05,139,1279.63872,0,1,0,1,141.0708735,lo,1010.908554
-5.747874028,1.575740036,49.09566749,25.20176704,12.40928517,SW,4.19E-05,108,1114.614264,0,0,1,0,112.8292392,hi,481.4835228
0.341980664,-4.636319563,59.80258803,49.90714909,7.782353349,NE,3.39E-05,101,1047.109201,0,0,0,1,116.7746558,hi,399.3866618
-9.240516297,-0.443344791,91.76941339,37.18833908,9.389407959,NE,4.70E-05,148,1354.7939,1,0,0,0,116.8040653,lo,1293.430887
2.784235667,1.991961129,82.73282677,55.81401879,11.22082559,W,3.73E-05,108,1019.219425,0,1,0,1,116.1537272,hi,487.2565906
-1.570527252,0.448140646,66.7774266,37.64211568,11.4794856,N,3.43E-05,115,1049.867668,0,1,0,1,111.8726327,hi,443.1718016
-3.323120393,2.311902577,64.98577171,46.57516569,6.544106733,SW,4.53E-05,113,1245.054787,0,0,0,1,134.7063151,hi,516.7664012
-5.983313756,-0.495934441,72.47039106,37.10019693,10.56507354,N,3.38E-05,103,1032.762743,0,0,0,1,111.219588,hi,376.2948785
-0.639811771,0.449900217,60.52240726,38.73695979,8.589249408,S,4.23E-05,124,1149.345739,0,1,0,1,129.6363134,hi,629.0215817
-3.466228484,-0.148652003,68.49517955,4.842320894,11.50965773,S,3.53E-05,129,1138.867891,0,1,0,1,135.0164235,lo,606.9966817
1.198062506,-0.585765192,52.57209835,7.87122265,17.42912967,S,4.76E-05,145,1335.412238,0,1,1,0,138.769232,med,851.0644313
0.619352945,3.438629727,56.60089856,5.16515116,15.84821002,SW,4.51E-05,139,1340.839519,0,1,0,1,151.281651,lo,934.5008537
2.563481731,2.059883254,104.8735483,63.50566645,14.88375284,NW,4.44E-05,134,1243.022044,0,0,0,1,144.1890844,lo,919.3755272
-1.058340005,2.054668005,54.87463025,38.98056973,15.3779835,S,3.78E-05,79,923.1988704,0,0,1,0,93.40167918,hi,192.8158911
-1.063309259,-0.04376468,66.30291308,31.23670933,0,S,3.60E-05,105,1062.06137,0,1,0,0,113.7286603,hi,366.3057272
-1.808844583,2.225153721,49.28710336,21.31014507,4.003619204,N,4.78E-05,119,1246.353374,0,0,0,1,132.3971421,med,515.0944418
-1.740080064,-2.31215267,64.46739542,39.95093304,11.17988531,NE,3.49E-05,120,1150.204693,0,1,1,0,122.9621007,hi,571.4727361
-5.143216751,-0.249370837,56.14525727,39.98128567,6.16248199,SE,4.27E-05,100,1084.642432,0,0,0,1,118.2725327,hi,302.8727198
0.959529764,-0.915243078,57.11146207,28.77169334,5.73983497,NE,4.42E-05,107,1120.589208,0,1,0,1,131.8538666,hi,422.1949019
-1.637578104,0.603180048,58.51676205,23.69895584,4.795903867,SW,4.05E-05,126,1230.260194,0,1,0,0,124.7186108,hi,758.3942341
-0.691299516,-2.732585762,57.33774244,26.6964772,16.41152269,E,3.74E-05,100,1093.111402,0,0,0,0,115.5958582,hi,449.8837605
-4.97852982,-0.558299467,58.55671855,6.858497137,11.53050193,NE,3.58E-05,139,1250.45995,0,1,0,0,125.8663379,lo,817.6696393
0.305207081,0.677659759,84.96508996,43.72590993,17.52252661,SW,3.78E-05,115,1135.270329,0,1,0,0,119.9403348,lo,552.8787457
0.900379271,-1.652857722,72.99946014,50.60867131,13.3374293,SE,4.10E-05,121,1178.543964,0,0,1,0,119.1785022,hi,526.6759754
-3.790351995,0.977401382,90.6576955,44.78926127,3.503190043,S,4.71E-05,134,1321.893768,0,1,0,0,138.2898082,lo,786.7539377
-2.693221329,1.277515122,83.04030353,44.776729,12.90854173,NW,4.34E-05,131,1253.772087,0,1,0,1,136.6737081,med,873.1731554
1.879031074,2.693062261,86.36627758,39.24747414,15.34355596,NW,4.60E-05,145,1368.033089,1,0,0,0,123.750964,lo,1276.167061
-4.322893913,1.842733374,57.3001157,22.13110335,7.938486903,W,4.95E-05,123,1305.844649,0,0,0,1,141.9603677,hi,651.3516684
-4.681031401,1.219968203,91.63316543,49.85716545,20.68274906,N,4.19E-05,137,1245.441646,0,1,0,1,134.9558031,med,848.5567214
-2.184954456,-1.944823661,78.12933334,42.14292093,9.327652979,E,3.84E-05,118,1072.7352,0,1,0,1,118.4025232,med,588.9400524
-0.485092806,3.214539943,76.00617228,38.074657,11.74250568,S,3.83E-05,127,1202.171466,0,0,1,0,122.6454611,hi,803.762366
1.090444626,-0.776280236,81.61802615,60.28629988,21.48654939,SE,4.12E-05,111,1147.009879,0,0,1,0,117.7630142,hi,588.7538137
-3.829595353,1.669168137,70.81003169,36.7173452,17.66014594,S,4.27E-05,120,1216.350723,0,0,0,1,137.8601839,hi,748.1393279
1.327720428,-0.852008219,50.39859292,24.86061618,14.03193231,N,3.39E-05,92,955.4479142,0,0,0,1,113.6588458,hi,195.0057043
-3.422706604,0.700262611,64.82155711,32.39352548,2.006818627,S,4.44E-05,122,1208.812257,0,1,0,1,130.7773572,med,542.3079598
-0.665476191,-4.482759294,112.5364527,76.22929929,12.42309245,SW,4.61E-05,141,1349.875154,0,1,0,1,143.20779,lo,1034.758436
-1.005017913,-1.145099139,57.95483344,20.29167989,7.850140003,SW,3.76E-05,109,1100.150087,0,1,1,0,115.9076742,hi,425.3808536
-1.012812276,1.739598817,80.3536217,65.15505176,12.84469984,W,4.53E-05,107,1145.049978,0,1,0,1,134.0094936,hi,443.2443999
-4.493846698,-1.089429824,100.4526777,51.8047845,8.121549467,SW,3.97E-05,158,1322.612515,0,1,0,1,148.6100635,lo,986.649066
-1.096016682,2.905539713,52.09520794,21.15673075,2.874051112,N,3.14E-05,113,1052.713458,0,0,0,1,117.9395361,hi,469.571137
-0.095706247,-1.737907852,75.07394405,34.98823089,11.92209059,W,3.74E-05,135,1282.67514,0,1,0,1,142.8817887,hi,905.5460149
1.03714827,2.134398593,88.35926137,41.45216752,4.771422981,N,4.10E-05,144,1287.150226,0,1,1,0,138.5054199,lo,965.2141099
-11.06130519,-2.301118153,62.20274123,27.20401468,5.374866632,NE,2.97E-05,95,931.3708208,0,0,1,0,95.24122607,med,425.3904379
0.982427833,-1.158586668,76.22383829,24.46169281,16.62987492,N,4.35E-05,132,1290.22742,0,1,0,1,137.4286301,lo,729.4516324
-2.913134285,-2.987375215,62.73134332,34.10955146,6.146727921,W,3.57E-05,103,1032.238859,0,1,0,1,118.276412,med,324.6244615
-3.198577257,1.394021296,73.433922,44.37758242,10.62346845,N,3.96E-05,124,1200.338077,0,1,0,1,134.4433268,hi,721.2040367
0.868274716,-7.198843464,65.28608361,31.04464483,0.695332287,E,4.60E-05,140,1326.874057,0,0,0,0,129.6034166,hi,851.0447798
-0.389934583,-5.726182998,97.77246699,54.20284421,1.020337497,SE,4.59E-05,145,1301.178994,0,1,0,1,144.9623799,lo,961.8594543
3.444514473,-5.64917591,59.40329757,9.848329188,9.617821083,NW,3.25E-05,125,1077.325147,0,0,0,1,118.041161,lo,716.5207074
2.101272953,-4.57901882,77.78640075,27.44578943,14.90804808,S,4.76E-05,148,1415.062468,1,0,1,0,124.3630474,lo,1364.813203
-1.009138434,-8.859395922,74.46412546,46.90007068,13.95392511,W,4.00E-05,132,1209.722233,0,0,1,0,125.4658724,med,765.2893882
0.814080113,-8.353731243,104.9368951,51.79907281,1.000656371,SW,4.38E-05,153,1415.938526,1,0,0,0,122.0576928,lo,1502.77375
5.458113538,-5.150708988,75.68114617,32.83671616,11.52851526,E,3.67E-05,123,1108.35772,0,1,0,1,124.5117627,med,662.4468743
4.301695343,-3.912639149,84.86585954,30.37821103,7.546116044,NW,4.14E-05,124,1191.302732,0,1,1,0,121.0932379,lo,599.1688618
1.602908343,-7.730804846,73.9174519,36.22397395,6.337106298,S,4.84E-05,129,1344.463254,1,0,0,0,116.8769387,hi,1116.864158
1.572354939,-10.34507922,54.22815212,15.15981851,6.453563117,NE,4.13E-05,127,1167.963642,0,0,1,0,113.3096817,hi,686.4607941
6.417822656,-4.912444821,42.64775131,16.94546309,11.69033298,E,4.33E-05,115,1184.962466,0,1,1,0,119.0316041,hi,485.3632035
4.599816098,-4.733490226,74.77735429,26.94355913,18.10944999,NW,3.62E-05,142,1229.579458,0,1,0,1,135.7581018,hi,871.6001833
5.291289155,-5.365519345,74.82937605,44.24257384,8.267640834,E,4.53E-05,125,1239.489478,0,1,1,0,126.9706823,hi,646.6287419
2.652418912,-5.056998825,60.36839017,15.76286427,7.707092829,N,4.05E-05,116,1114.836111,0,1,0,1,126.7599556,med,563.4696281
3.734519021,-5.070720169,87.28077447,41.61510653,19.38906174,SW,3.95E-05,122,1165.469284,0,1,0,1,130.3254301,lo,695.6260452
1.168059688,-6.963781002,69.65801452,38.46289754,7.941291449,W,3.53E-05,114,1068.018926,0,0,1,0,108.7017325,hi,513.9223264
5.547795714,-9.216595067,71.83489531,24.62984579,4.326315511,SE,4.13E-05,136,1210.895623,0,1,1,0,120.7827636,lo,778.6334567
0.885960383,-7.627364791,83.95435218,46.49972084,11.95589876,NW,4.37E-05,101,1089.804677,0,1,0,1,121.6776662,hi,424.1631525
6.211822292,-3.382935345,47.66376673,1.200049019,10.11385262,S,3.88E-05,108,1064.602699,0,1,0,1,120.3978403,med,421.6050191
3.515645694,-3.700754349,60.88229409,32.78131731,14.21667015,SW,4.23E-05,106,1134.612097,0,1,0,1,126.7505265,hi,460.8282611
1.031417587,-9.532781384,96.97222508,61.69353404,16.70467315,N,3.98E-05,133,1225.596985,0,0,0,0,126.0391904,med,839.291285
2.525036854,-7.03614285,58.50695634,26.98055885,6.735640717,E,3.71E-05,106,1091.11974,0,0,1,0,110.8896398,med,585.9841489
2.258655936,-8.067257601,55.36657859,14.29364871,24.60219507,NE,3.96E-05,110,1117.696388,0,0,0,1,130.9782126,hi,494.0448568
1.686983585,-5.996141654,55.4446923,20.06895367,10.98733147,SE,3.88E-05,94,1007.773378,0,0,1,0,99.81868267,hi,158.5797168
3.234092401,-8.932089544,59.71543726,22.40191485,5.915192832,W,3.05E-05,93,934.2795076,0,1,1,0,102.631797,hi,407.7938897
2.036875023,-5.976462154,78.91631405,49.90595494,15.5765645,W,3.27E-05,110,1026.587488,0,1,0,0,109.898351,hi,463.6588222
3.209358691,-5.37056503,110.4006419,54.59420031,11.30963433,E,4.96E-05,136,1317.190987,0,1,0,1,142.7751638,lo,846.8842155
1.045899203,-6.580388003,60.84864961,19.06966058,5.02981378,SE,4.23E-05,116,1143.81526,0,1,1,0,120.1881468,med,595.9849336
5.968215171,-4.565771873,97.80779575,50.39689976,9.188506346,NW,4.23E-05,144,1272.537119,0,1,0,1,140.3600064,lo,831.8523584
6.331847944,-5.074723323,69.99769097,57.99167717,16.32700899,S,3.70E-05,108,1042.738186,0,1,1,0,111.5014626,hi,436.1166742
-1.441181004,-6.197069787,105.8434086,67.51432629,17.05861057,NW,3.97E-05,136,1248.367454,0,0,1,0,127.6168206,lo,918.6747382
3.107532362,-3.262505371,77.84419547,38.49291811,10.80953545,NW,4.17E-05,125,1165.296734,0,1,1,0,121.8998938,lo,816.9974005
2.072778922,-8.164711687,69.90264806,32.41412014,4.450376371,SE,4.26E-05,119,1183.894089,0,1,0,1,134.283997,hi,623.5645282
1.313240698,-9.570200529,73.718924,47.95009855,9.008799994,E,3.47E-05,111,1065.010995,0,0,0,1,124.4865499,hi,362.1550929
1.272571755,-8.379976906,53.93972099,20.30550692,9.469491543,N,3.69E-05,110,1053.769446,0,1,0,1,118.6205424,hi,514.8217845
3.728055284,-5.088511361,66.22982268,19.08404726,13.92939364,W,3.74E-05,129,1211.842312,0,0,1,0,121.5995002,lo,512.8105457
3.469163876,-7.675369018,62.64514762,45.66593535,12.31469686,NE,4.30E-05,99,1111.217283,0,0,0,0,112.658461,hi,406.2782563
4.867838035,-5.322990677,62.81811739,25.85920139,6.080202978,NW,3.59E-05,111,1073.91213,0,1,0,1,123.5297006,hi,391.9874324
0.422567529,-10.53250818,81.69501406,37.24959049,14.68943053,SE,4.59E-05,147,1341.14149,0,0,0,1,146.5911365,lo,1017.297319
4.239963854,-3.269459253,57.31992033,17.90696139,11.98777963,SE,4.31E-05,123,1174.375517,0,1,1,0,124.5136662,hi,624.5993865
1.816199759,-7.053625985,84.60117242,43.25248803,15.22946527,S,4.18E-05,129,1183.201698,0,1,1,0,122.9640701,lo,694.1186222
-0.751986366,-7.820108273,82.14084464,86.45485627,15.78382718,NE,3.25E-05,79,861.9739684,0,0,0,1,98.30534662,hi,111.4039297
4.265015325,-7.141277401,90.82931669,71.09336197,1.730866618,SW,4.43E-05,118,1190.217215,0,1,0,0,125.0363525,hi,618.447892
6.0902276,-1.667221546,95.16390758,80.07599022,12.89162905,E,4.39E-05,125,1213.870261,0,0,0,1,131.9134255,hi,809.546084
5.118517376,-7.478443809,121.2486332,62.13141615,11.53337883,NE,4.91E-05,146,1381.417956,1,0,1,0,124.4431451,lo,1440.892176
6.268809489,-2.954906396,31.11094858,3.391164934,9.100002507,E,3.34E-05,110,1011.083959,0,1,0,1,109.094398,hi,407.974733
1.387059666,-8.243448665,104.9513159,78.79726714,3.296939483,W,4.63E-05,131,1279.579473,0,1,0,1,143.9732491,hi,719.7440101
0.902189333,-4.254199036,100.8424265,64.03486826,18.57370561,N,4.61E-05,142,1326.718189,0,1,1,0,137.9427464,hi,914.9739165
0.541703504,-8.958400955,63.61026446,42.02768893,9.09492693,N,3.91E-05,105,1013.379063,0,0,1,0,102.1203792,hi,382.1104349
-0.082435736,-7.04068484,83.04485,42.42962164,3.227406156,SW,4.61E-05,134,1281.762932,0,1,1,0,129.9734216,med,896.204155
5.09686343,-3.763197768,57.70899512,33.4753328,14.65104551,S,3.99E-05,107,1134.499826,0,1,1,0,119.4162502,hi,568.6775682
2.446607544,-5.667167304,89.62214032,71.61858651,18.56567209,NE,3.69E-05,109,1091.862709,0,0,0,1,117.6043475,hi,474.810661
1.958670712,-8.312213315,77.35755011,33.41999545,12.12891645,E,4.18E-05,118,1169.485198,0,0,0,1,132.6902449,med,583.578031
1.2373978,-4.948988905,60.32842395,53.59114212,4.626780737,S,4.17E-05,109,1124.385392,0,0,0,1,127.9034438,hi,418.423952
2.858868246,-6.969275948,64.83463894,40.85047525,7.004517213,N,4.36E-05,132,1240.693779,0,1,1,0,128.0819712,hi,721.6850375
4.144900029,-9.798354254,69.88658767,34.19829914,10.35943238,N,3.82E-05,118,1139.081683,0,0,0,0,117.6725879,hi,632.2406983
1.718366834,-9.438490561,60.10389712,28.49318549,12.44314433,S,4.01E-05,95,997.9495414,0,0,0,1,105.4729496,med,300.097847
2.885247798,-5.143157251,47.10844518,15.58682521,3.988454216,E,3.82E-05,113,1116.005312,0,1,1,0,116.422872,hi,563.9432213
2.007999874,-9.891467793,77.3775548,42.52194972,19.6204125,W,3.95E-05,123,1109.007279,0,0,0,1,125.3460392,lo,640.4565868
5.189811023,-2.644562272,82.78554786,51.17115255,17.56358136,N,4.87E-05,119,1224.182977,0,1,0,0,121.2607749,med,638.1553189
2.279072411,-5.501658815,65.2863807,29.66685311,7.802837273,SW,3.88E-05,123,1127.957005,0,1,1,0,117.5966639,med,507.5257117
3.475777776,-7.573495161,88.47510036,32.46073381,6.553305017,E,4.58E-05,179,1491.670517,1,0,0,0,129.1523329,lo,1806.521334
-0.148831392,-7.413104342,80.08561875,43.32157051,12.99648754,S,4.09E-05,136,1309.752517,0,0,0,1,140.7809484,hi,916.8208745
1.183395824,-6.56866231,66.26888036,37.32633348,19.60443821,NE,4.02E-05,143,1234.978442,0,0,0,1,138.103862,hi,861.6579309
-3.493195618,-13.92719739,81.39953734,60.9296462,18.54045104,NW,4.16E-05,103,1075.585405,0,0,1,0,107.9501014,hi,394.6725547
4.956692008,0.390120803,64.48830272,30.65514152,9.672974698,N,4.21E-05,122,1168.147846,0,1,1,0,119.6203196,hi,740.5685343
7.669622106,-6.548618203,68.54555637,26.26845177,15.27952344,NE,3.68E-05,99,961.4622762,0,0,0,1,111.1162918,lo,293.8504284
4.490926413,-6.121106029,62.98692914,26.49884183,13.24239643,S,3.71E-05,106,1095.153601,0,1,0,1,129.1626983,med,379.6965519
3.020546347,-5.293210055,38.94396298,8.897035735,13.92994457,E,3.28E-05,88,941.8305349,0,0,1,0,98.50759389,hi,250.1565357
4.242220835,-8.105457491,79.15031564,43.55931357,11.18551206,SW,3.44E-05,121,1139.919261,0,0,1,0,119.3003631,lo,549.8934862
2.298155855,-2.946093277,65.0748917,31.05440459,18.25719941,SE,4.07E-05,119,1154.69978,0,0,0,1,127.3976188,hi,725.4284092
8.765433858,-2.207429708,63.63838901,17.06876878,7.588466071,N,4.50E-05,131,1280.08141,0,0,0,1,142.4277023,lo,755.5634797
2.75934962,-4.963473217,65.99845508,36.26922169,11.08509218,SW,4.27E-05,105,1119.310547,0,0,1,0,113.6685259,med,391.5513082
1.782835484,-6.2969557,41.44783517,1.994064215,12.92272574,NW,3.28E-05,101,979.5750699,0,1,1,0,103.1481034,hi,339.2283465
4.042310029,-9.303169973,94.74940021,37.48526197,14.31098016,NW,4.81E-05,158,1463.285434,1,0,1,0,130.6581732,lo,1415.470044
1.150440185,-6.207216102,73.05026758,41.68476229,13.47175992,W,3.76E-05,116,1108.873969,0,1,0,1,130.2383837,hi,498.4312702
6.048664467,0.590215369,70.43029127,48.96369033,9.220987342,SW,3.62E-05,127,1159.794118,0,1,1,0,126.5421388,hi,639.656067
3.790979697,-4.805205978,75.46278749,42.74722407,21.80299561,N,3.58E-05,134,1256.57502,0,1,1,0,128.9520818,hi,871.3614545
6.020124783,-4.379041075,78.16757786,51.01065666,0,SW,3.24E-05,121,1059.073767,0,0,1,0,105.9716815,hi,663.6031298
3.56955644,-4.240059637,81.68909281,44.70565766,11.07676036,W,3.64E-05,118,1093.800735,0,1,0,1,126.9849362,med,595.7462664
4.575926035,-2.697616875,57.90200631,41.99480591,4.923074289,SE,4.62E-05,109,1201.708404,0,0,0,0,126.0100144,hi,584.2602918
5.972366788,-3.154816024,34.44180269,0.417862673,6.11922839,NE,3.85E-05,109,1058.526589,0,0,0,1,117.1429941,hi,280.4945043
0.167510618,-6.389126313,69.54182612,53.57854602,2.579631491,W,3.91E-05,109,1075.514293,0,1,0,1,127.0056089,hi,214.4137581
1.355490761,-7.539987018,70.61755691,14.33381095,0,NE,4.16E-05,126,1191.576117,0,0,1,0,117.2887693,med,748.8468163
1.983515337,-5.760793336,71.12240565,32.10904311,18.78268818,NE,3.47E-05,122,1097.034993,0,1,1,0,114.2943414,med,612.5749508
0.832709181,-8.957260794,79.86917966,36.52787604,8.320429976,W,4.07E-05,116,1226.341001,0,0,0,0,126.5853732,lo,749.7450417
3.922493226,-5.917371089,65.61528521,56.21420051,5.418518363,SW,3.88E-05,89,997.0689646,0,1,0,0,102.0446649,hi,248.8101986
2.81383165,-2.078074968,74.51147131,42.96201245,11.92548047,NE,3.67E-05,114,1090.660268,0,1,1,0,113.6901801,hi,476.1926455
0.489591119,-8.511661136,44.68349513,16.20988413,13.60135393,S,3.83E-05,89,971.6927958,0,0,0,0,103.0018339,hi,228.0459817
1.393893778,-6.324583709,47.53416831,8.355353243,9.60911075,SE,4.25E-05,111,1090.79106,0,1,1,0,113.6830428,hi,488.1105865
3.873970446,-4.52378416,71.82409008,20.74518758,14.25597796,E,4.27E-05,119,1206.902345,0,1,0,1,139.1886303,med,692.255577
-0.648340095,-9.316215985,73.92650178,53.42796867,12.99637786,NW,4.63E-05,113,1150.863048,0,0,0,1,126.1748264,hi,571.3605364
5.04547302,-4.629543695,87.34496581,56.53007889,14.75564902,SE,4.13E-05,133,1233.787138,0,1,0,0,126.9993812,med,822.7173918
-0.573737474,-9.418940965,68.76190078,40.09562859,15.272863,SW,4.26E-05,151,1289.618377,0,0,1,0,129.9103689,hi,1091.331389
4.190299952,-6.017898507,54.4436448,23.59447697,14.52832971,E,4.35E-05,111,1100.09461,0,1,0,0,111.7328193,hi,571.4331371
-2.117636526,-12.38770905,89.90620919,29.88717677,8.494620896,NE,4.34E-05,155,1386.652627,1,0,1,0,121.5944658,lo,1260.704747
2.182323388,-7.110447229,54.14508622,14.08304434,17.52239793,E,4.31E-05,142,1194.198201,0,1,0,1,133.4530574,hi,692.3678304
5.436583372,-3.286499841,66.11415236,30.69740386,1.652198025,SW,4.01E-05,118,1162.070525,0,1,0,1,131.7481186,lo,492.0653351
3.879354343,-4.274063334,31.21870262,0,7.270257489,E,3.55E-05,88,1012.64554,0,1,0,1,119.8059524,hi,136.6740979
-0.302827464,-8.63895576,74.41748609,29.0829617,16.91950518,W,3.72E-05,126,1145.648588,0,0,0,1,127.5992969,lo,691.5643325
3.340432031,-5.026918351,86.25720932,50.93252723,10.95382876,N,4.34E-05,141,1332.562786,0,1,0,1,151.2349166,hi,851.2620849
2.373234904,-7.411258802,92.06696328,49.26315738,4.392311255,NW,4.01E-05,152,1359.576055,1,0,0,0,115.373761,lo,1246.491234
0.550394737,-6.851377547,78.87595181,37.21480401,19.32621515,S,3.72E-05,113,1070.498607,0,1,0,1,126.5177226,lo,509.7846726
5.365330027,-3.86697272,79.37359991,42.77489388,12.08075712,NE,4.60E-05,128,1273.699945,0,1,0,1,142.4132677,med,846.7056115
5.958980622,-4.975306367,77.8645777,44.73856485,11.26909773,NW,4.02E-05,122,1133.174647,0,1,0,1,128.5666959,med,610.0568814
4.835157912,-4.434440762,77.09574396,34.44485073,5.439857403,S,4.56E-05,131,1306.927261,0,1,0,0,138.9100578,med,896.4840815
6.14016691,-3.847751481,82.8627804,53.36418353,18.76683538,SW,3.98E-05,132,1192.543623,0,0,1,0,122.5335703,hi,744.2543721
-5.970035013,2.261171306,81.71715451,65.93744353,22.61511095,W,4.62E-05,104,1142.188491,0,0,1,0,118.6872712,hi,530.9589877
9.155116121,4.49302245,45.85676688,27.8995177,8.138942144,E,3.98E-05,86,1000.744078,0,0,1,0,99.55812058,hi,384.6293925
8.167393145,5.607745344,66.27672225,58.97940905,5.556470886,N,2.89E-05,89,883.0028822,0,0,0,1,103.3808961,hi,159.1102395
5.52944113,-4.785655316,95.38605817,49.08301577,7.903763562,E,3.94E-05,131,1246.923737,0,0,0,1,139.5994181,lo,750.251702
-0.64275334,-11.48343481,95.44509206,68.97602892,12.6693204,SE,4.40E-05,122,1275.687006,0,0,0,0,134.4170679,hi,802.9960627
7.353173792,8.850541369,104.5437762,80.78367252,10.13711414,S,4.22E-05,114,1151.024244,0,0,0,1,125.1841503,hi,546.1403647
0.595776549,1.5772956,57.48429298,31.61372311,15.32179317,NE,3.95E-05,107,1142.691657,0,1,0,1,130.2232198,hi,394.9205979
7.712917917,10.42958929,57.95361638,22.61707454,19.454539,NW,3.39E-05,102,1027.830943,0,0,1,0,104.5951619,hi,510.85817
7.32399008,6.412543849,81.86960468,31.28455192,21.06522728,N,4.29E-05,138,1185.491907,0,0,0,1,129.7323333,lo,740.0909027
6.370031335,8.452571956,71.18378918,30.43264715,12.99156259,SE,4.11E-05,123,1176.249412,0,0,0,1,128.4663666,lo,721.3210216
1.613832472,-0.568751337,62.42854024,36.07069974,5.635594515,N,3.86E-05,90,1005.697535,0,0,0,1,112.5533082,hi,210.1425975
-1.135160473,2.55029474,56.637117,26.7186368,6.140305245,SE,3.85E-05,106,1084.225175,0,1,1,0,110.6449685,med,424.2643026
3.731440199,-5.150176014,93.85416505,60.4917184,18.73377245,NW,5.08E-05,154,1422.364699,1,0,0,0,122.4730917,lo,1457.014947
-6.771837269,-0.798587315,85.54776648,42.32981411,5.892262859,NE,4.19E-05,127,1211.372359,0,0,1,0,123.2141618,med,826.0084394
1.039645402,-0.624552227,80.63168358,41.12606981,15.98543591,NW,3.59E-05,109,1069.797095,0,1,0,1,124.5031772,med,555.1025689
-3.170735591,-0.237491814,80.79123148,39.48250169,13.29744567,W,4.31E-05,105,1160.674407,0,1,1,0,122.058551,med,437.939641
-0.637661448,-8.151440462,112.8313235,60.50295357,6.66715377,SE,4.72E-05,144,1319.242147,0,0,0,0,132.4024296,lo,1073.090112
-2.416286302,-8.591151967,68.75942603,34.68555966,12.77132975,SE,4.42E-05,124,1248.652479,0,0,0,1,139.0757124,hi,618.2864769
0.823373302,-11.38855056,82.01298427,37.16572633,12.30833417,NW,4.07E-05,125,1196.700759,0,0,0,1,133.8458698,med,717.9770672
-2.388349362,-8.827191581,57.05673492,57.14784772,14.40539992,NE,3.83E-05,90,1052.617021,0,0,0,1,113.0635143,hi,221.0115808
9.114192332,4.406354437,94.64133653,52.50300363,17.94075055,SE,3.18E-05,104,959.5638673,0,0,1,0,101.3110136,med,464.0462793
6.12913665,7.100223184,83.75992497,40.2897238,16.82476374,W,4.99E-05,162,1522.94158,1,0,1,0,135.1828966,lo,1756.393024
8.468279719,2.85177388,89.30594652,68.92982985,7.655640489,NW,4.11E-05,140,1305.381726,0,0,0,1,147.622954,hi,852.1381803
7.275601183,7.207995085,84.89078232,58.55646604,11.76133057,NE,4.49E-05,135,1319.245423,0,0,0,0,130.5836132,hi,930.8968924
-0.722508508,0.233746966,62.42041731,22.63725623,6.572422255,N,3.79E-05,127,1188.338262,0,1,1,0,130.3074018,med,805.2621714
4.051445676,-3.391669055,78.76314122,39.57946068,6.047229688,E,4.14E-05,128,1199.460482,0,1,0,1,135.070098,lo,576.4614146
13.673139,11.59431951,73.34256218,14.98206213,27.88781617,SW,4.19E-05,134,1259.847911,0,0,0,1,141.3131719,lo,831.8321499
5.982132706,6.922748744,104.7112772,71.98156845,9.987484733,W,4.42E-05,112,1099.861775,0,0,0,1,126.1100958,hi,529.9646274
-3.245128902,1.975544862,71.34942611,43.40253604,9.168299623,NE,4.37E-05,113,1148.198004,0,1,1,0,118.192699,hi,644.4598081
3.211102889,-6.922277088,63.42910093,16.74382136,0.451282464,SW,3.76E-05,119,1128.5508,0,1,0,1,124.5837206,lo,531.1143977
-0.261307833,-0.500661187,68.10953769,37.59602471,17.91332184,E,4.03E-05,109,1130.422677,0,1,0,1,131.2613683,hi,539.3510088
8.918865523,4.418930011,66.87378761,49.95618113,12.60488625,N,4.06E-05,100,1135.011523,0,0,1,0,114.1601774,hi,652.3558716
1.192514519,-4.700475974,88.31759175,50.98069944,6.422373479,NE,4.34E-05,134,1243.335329,0,1,0,1,139.9568575,med,813.8028097
1.826726984,-5.163984236,61.05714559,24.81791026,6.829049565,E,4.49E-05,115,1209.5404,0,0,0,0,124.7097802,hi,641.4489102
8.676878883,7.643502491,86.34308285,54.59326796,8.935735614,W,3.89E-05,118,1136.68634,0,0,1,0,114.5876683,med,620.6816978
-6.194017491,-1.307769909,71.60076843,24.38947454,18.81712954,W,4.45E-05,147,1354.177904,1,0,1,0,117.3499937,lo,1187.62096
10.54877807,6.476309191,83.75670984,33.21710511,5.881970226,NW,3.92E-05,132,1235.653129,0,0,0,1,136.0987285,lo,727.6400597
2.28527496,-7.955952816,80.68016011,38.16622798,5.707696496,S,4.60E-05,152,1403.971558,1,0,1,0,123.5873006,hi,1347.902251
2.884940905,-6.084773286,63.94728132,20.50944244,15.18353222,SE,4.50E-05,144,1381.17753,1,0,0,0,120.3120112,hi,1239.937657
1.405879263,-7.227350097,70.84585157,34.12307778,7.584208873,SW,4.01E-05,111,1125.807432,0,1,1,0,113.418923,hi,402.4383033
2.981074765,4.740041992,88.71032132,47.58447018,10.1560599,N,4.59E-05,152,1396.740008,1,0,0,0,123.6264427,hi,1307.668097
-1.898637229,0.575236107,55.47696608,35.31417312,6.293502449,W,3.78E-05,94,1038.311368,0,1,0,1,117.0982833,hi,363.6249761
8.296135661,9.3264987,58.9877673,26.24563794,4.930523581,SW,3.89E-05,109,1130.906822,0,0,1,0,112.7865057,med,538.4193835
2.224162764,-8.21001578,58.88926255,34.08329594,7.932831945,SE,2.89E-05,92,918.8266057,0,1,1,0,97.88383018,hi,313.6044856
4.58869972,8.399822002,62.91818889,22.19274375,13.93040492,W,4.13E-05,121,1175.743561,0,0,0,1,131.9712331,med,505.4160744
10.15638998,8.511740987,65.17355934,33.91844317,9.033186603,W,3.65E-05,101,1034.148088,0,0,1,0,104.4028901,med,384.3094772
1.417984968,-1.442903384,65.77156339,55.86167295,16.90620328,E,4.38E-05,98,1050.486524,0,1,0,0,112.6382388,hi,314.4547652
4.559820946,-4.359245938,73.62046527,47.84176769,7.849721784,NE,4.84E-05,132,1284.592233,0,0,1,0,130.1104895,hi,830.0827519
-1.365539798,1.788627103,72.75243502,30.22585837,12.94598663,N,4.14E-05,111,1106.698693,0,1,1,0,114.8654522,lo,486.6947423
9.173598251,10.6105811,78.2489306,43.39366078,2.514814949,E,4.35E-05,105,1069.294238,0,0,0,1,119.2806522,hi,511.7076313
-0.342214748,-1.249190892,65.75281275,44.03686394,7.030098531,SW,3.94E-05,118,1182.7571,0,1,0,1,135.4044798,hi,687.3466884
11.02014971,4.238440846,68.31134211,19.39476329,13.56177467,NW,4.62E-05,141,1285.127659,0,0,1,0,134.4003621,med,859.3347044
-1.711025411,-2.847455574,96.59005368,59.0601143,6.284864705,SW,4.31E-05,123,1161.598262,0,0,1,0,110.1337065,med,805.1392931
5.201462847,9.706560619,65.85462099,38.38282638,15.47031457,SW,4.02E-05,112,1109.055443,0,0,0,1,115.501418,hi,534.6806628
5.928230252,8.737124514,106.682191,67.03811688,5.761209056,SW,4.79E-05,162,1438.165139,1,0,1,0,129.9992924,med,1479.075535
6.657842341,5.419557497,40.31931742,2.570200228,9.036191778,NE,3.81E-05,73,894.254405,0,0,1,0,89.66226622,hi,36.16958166
-6.171312942,4.432945611,49.46807937,35.2341817,10.117306,SW,4.28E-05,97,1047.851162,0,0,0,1,109.5129808,hi,335.8896004
-0.053940613,1.209865552,80.90775165,53.29500781,8.663289825,N,4.29E-05,142,1347.904378,1,0,0,0,121.8578853,med,1172.924723
-2.072253846,-3.069453642,65.52753118,40.06745537,13.80144662,NE,4.06E-05,100,1064.782092,0,1,0,1,125.2292028,hi,399.2805229
7.320887306,7.31386712,70.94523815,35.41280124,10.07325345,NE,4.75E-05,124,1270.024489,0,0,1,0,132.8957938,hi,713.3992429
9.606801119,9.511029585,76.10517504,42.82658789,16.57869583,N,4.20E-05,125,1219.726305,0,0,0,1,133.1442805,hi,633.2126698
-2.315265999,-0.969583756,90.64089636,59.6278078,12.48760397,S,3.98E-05,128,1164.637572,0,1,1,0,119.9676212,hi,806.9527308
-1.161186127,-1.705889801,45.24987773,12.31529183,11.24087008,E,3.52E-05,109,1028.293136,0,1,1,0,113.5543314,hi,335.6856091
7.577141752,4.113904661,60.26133525,30.19951838,7.804071431,SW,4.18E-05,121,1193.557158,0,0,1,0,122.487232,hi,656.2276143
6.301351944,4.66354207,62.13217084,24.00125788,6.182224692,W,3.88E-05,106,1083.279329,0,0,0,1,113.0039226,med,485.1517108
7.588600458,5.130630057,43.65559039,9.106517319,6.292111848,S,4.06E-05,116,1151.368602,0,0,1,0,115.1050518,med,612.5600284
10.85343927,9.939113471,52.82119621,12.92700856,3.89229023,E,4.08E-05,134,1279.901855,0,0,1,0,130.2073762,med,692.0125185
-3.471792992,0.578467769,74.46437903,33.29949188,21.94492484,NE,3.39E-05,135,1110.979391,0,1,0,1,126.4248077,med,790.436548
-0.395758571,-11.3680957,91.49884476,54.18387629,0,SE,4.32E-05,141,1341.598838,0,0,1,0,136.2812051,med,947.461493
-2.797425089,-1.517480978,57.56423959,30.4413877,5.446358619,NE,3.59E-05,99,1050.073467,0,0,0,0,104.1372841,hi,434.4497215
1.295865348,-3.265799436,66.10821419,43.98346257,15.22032702,W,4.07E-05,109,1119.493721,0,0,0,1,123.5543649,hi,635.4174306
2.326371336,5.219802553,57.28362225,24.68654181,10.64983002,SE,3.28E-05,118,1074.218104,0,1,1,0,113.9146432,med,447.4043237
-0.978322652,-9.617910611,72.69083301,19.80253244,12.88065573,SE,3.66E-05,134,1173.76069,0,0,0,1,125.8198979,lo,807.5666426
-0.126034976,-7.700502776,75.31347012,73.89624802,15.13719518,SW,3.53E-05,92,960.2991923,0,0,1,0,99.2191705,hi,315.0477457
8.24910799,3.709912164,93.18478106,60.15713148,12.41509386,SW,4.23E-05,120,1206.039543,0,0,1,0,122.157188,med,643.0033156
5.877851345,-6.384581533,60.88309036,34.76673317,13.53187472,NW,3.31E-05,109,1085.943902,0,1,0,0,112.3564266,hi,545.7108293
7.053586954,14.72782611,84.95711074,44.81689861,6.21327258,SW,4.60E-05,136,1312.373166,0,0,0,1,143.5449476,lo,944.5125084
2.08535013,-1.714984737,94.4964985,50.39824143,8.101510774,E,4.01E-05,141,1272.000896,0,0,0,0,129.0073343,hi,893.8268558
-4.513891317,-3.455303488,57.65939057,25.12531273,13.87763333,W,4.39E-05,112,1181.716588,0,0,1,0,120.0216236,hi,641.3900923
8.477062549,9.790324985,79.41355992,39.1837116,5.449138554,NE,4.60E-05,139,1340.28337,1,0,0,1,121.2893935,med,1143.617011
4.172441775,5.277883161,67.09970945,73.12682493,16.02031074,N,4.29E-05,110,1145.779603,0,0,0,0,110.8636054,hi,727.1606312
1.908572891,-5.18872524,29.53647135,0,3.726414096,N,4.12E-05,106,1108.700339,0,0,0,0,114.5069382,hi,421.7360012
3.484955177,-7.843491835,75.26142676,32.43215674,17.61025976,N,4.26E-05,114,1147.366827,0,1,0,0,118.9622373,med,491.7882555
2.888529571,-3.89777748,73.24054286,34.35786586,8.212054392,E,4.54E-05,122,1220.725464,0,0,0,0,124.7162362,med,745.7389626
6.107530576,6.153574812,97.0397303,49.18105961,7.270911304,N,4.14E-05,154,1313.164206,0,0,1,0,130.6333378,lo,892.1757843
-1.764810876,-3.068183956,71.15956594,29.13433443,3.873398449,NE,4.35E-05,115,1213.22096,0,1,1,0,127.1638046,med,550.7108623
4.110471792,5.011940814,70.01059874,46.32997274,2.139284932,N,4.82E-05,120,1270.415682,0,1,1,0,127.2736947,hi,688.9462212
4.998595226,-5.698985662,72.99529865,12.46119081,9.316425472,N,3.52E-05,134,1154.125471,0,1,1,0,122.2104269,lo,708.7099436
5.852639664,-3.807361677,51.56848063,28.40196218,16.20331548,NE,4.34E-05,103,1102.580903,0,1,0,0,114.6865629,hi,322.1942012
4.893553937,5.035894886,77.28593149,34.18285824,17.10367195,NW,4.69E-05,126,1293.924415,0,0,0,1,147.4918129,hi,980.0647692
-4.114759686,3.567768835,87.05951557,40.76700477,11.87031763,SE,4.87E-05,172,1553.957346,1,0,1,0,137.4376708,med,1793.875184
-3.206532555,-5.651003214,33.45647457,10.711199,8.760258556,N,4.12E-05,108,1083.738751,0,0,0,0,107.13521,hi,479.819147
-1.153710639,1.378562289,88.94583397,43.9778711,15.69366933,NW,3.44E-05,120,1078.454428,0,0,1,0,113.5248986,med,604.3779875
1.964188915,-6.957354922,67.84814476,27.12398416,10.76686521,S,4.26E-05,129,1240.367807,0,0,1,0,123.3489093,med,779.2908374
3.879573197,-4.464450989,76.03346495,23.13685461,9.572319653,NW,4.98E-05,139,1320.813696,0,1,1,0,137.5830585,lo,921.9194117
-2.503901148,3.308728512,72.31768587,48.11502942,11.00862949,W,4.27E-05,110,1141.483554,0,1,0,0,115.2432271,hi,411.2329424
-3.118144977,0.547859519,46.52831293,24.64868554,6.022409395,NW,3.78E-05,108,1114.187409,0,1,0,1,129.7364126,hi,315.9861224
9.918279304,7.68735744,73.60690525,40.0795222,13.7906012,E,4.41E-05,134,1279.928504,0,0,1,0,132.6108282,med,992.8089408
5.910438909,7.456362241,65.97999039,22.33451167,9.599672535,E,4.45E-05,126,1235.112729,0,0,0,0,120.535633,hi,885.5796677
4.872803644,-5.078535305,63.29145925,22.74992961,2.446129962,SE,3.53E-05,111,1068.800434,0,1,0,1,124.3402068,med,540.3474882
2.258276915,2.171466191,78.09693177,48.54833078,14.02686295,NE,3.92E-05,106,1111.648381,0,1,0,1,127.0343012,hi,461.8367115
3.7815751,-9.157929885,88.93896035,52.33596864,10.33924479,SE,3.62E-05,103,1058.463713,0,0,1,0,104.9642249,hi,275.1132878
1.600415842,1.844650837,71.09730116,48.26673462,18.38493093,SW,3.62E-05,101,1037.210599,0,1,1,0,102.6728762,hi,437.0703181
8.841453594,6.372296595,91.31977701,50.30640489,9.954476983,SE,4.35E-05,152,1355.271175,0,0,1,0,136.6259885,lo,1026.359615
-2.534824081,-1.646593946,83.82087064,53.02362652,14.27331172,SE,3.32E-05,102,950.3325956,0,1,0,1,112.6835644,hi,329.7132395
5.28655172,-2.679592248,80.79285181,26.73129237,5.168000311,W,4.72E-05,144,1325.124742,0,1,0,0,131.6207162,lo,1039.878175
9.282605476,9.156929618,101.1521003,72.86451843,19.0618505,S,4.15E-05,141,1349.566641,1,0,1,0,119.1433054,hi,1212.754724
8.375872498,6.598425171,49.28317549,21.5061263,2.348616074,NE,3.82E-05,124,1135.584203,0,0,1,0,112.2727825,med,677.7842732
7.46738245,3.907340954,91.02147778,73.53515833,9.346156332,S,4.24E-05,117,1112.170808,0,0,1,0,112.9523936,hi,664.0136637
5.983439717,8.744869332,72.7283683,22.80097647,19.89084073,SW,4.77E-05,134,1351.213708,1,0,1,0,115.0145757,med,1281.919094
-0.399956355,-9.419125815,81.65800192,60.00302568,12.36204573,NE,3.73E-05,114,1084.46758,0,0,0,1,127.7824094,hi,574.5429532
3.29999821,6.827266269,71.70315285,50.53885582,11.16359496,SW,3.88E-05,112,1146.877895,0,0,0,1,129.4129558,hi,623.7945763
4.104338873,8.128987974,71.0899759,42.12972573,26.77192286,E,4.06E-05,120,1147.313375,0,0,0,1,133.3766428,hi,668.9875978
5.065262648,9.322896551,67.48185503,48.7753484,3.64822633,SE,3.89E-05,122,1155.230334,0,0,0,1,132.8388817,hi,518.6703629
-2.292166218,6.820432946,81.376195,46.48063273,9.34422079,SE,3.68E-05,132,1168.094676,0,0,0,1,129.631165,med,664.5988716
-2.969465148,1.458875978,52.43924843,0,9.26702722,NE,3.50E-05,130,1194.771749,0,0,0,0,123.3011216,lo,728.1533464
3.338023382,-8.586614962,75.58193094,49.096269,13.84924658,SW,4.44E-05,124,1216.92203,0,1,1,0,127.3468677,med,624.3435237
-2.769558023,2.046970959,83.59097259,38.56895428,10.99332584,S,3.97E-05,138,1230.728338,0,0,0,1,133.8946527,lo,694.0586397
-2.663172467,3.112551029,92.71850981,60.48921185,10.03485383,W,5.16E-05,149,1455.231863,1,0,0,0,127.6642014,hi,1344.340973
4.579364456,-6.603876089,58.57205973,0,7.899809849,S,3.47E-05,113,1017.534964,0,1,0,1,112.7632541,lo,569.7966901
0.760818741,1.273878991,64.21717482,38.93017668,12.79305169,NE,3.53E-05,100,986.0498783,0,1,0,1,119.8825559,hi,273.3337265
4.636319867,-7.801811331,82.62260299,65.67111617,13.61016928,S,4.02E-05,113,1130.259679,0,1,1,0,117.9346586,hi,643.1856421
4.30433391,-5.034712226,74.63698313,45.90219515,5.459439155,SW,4.40E-05,112,1160.648335,0,1,0,1,133.1901107,hi,386.110383
4.657851336,-5.058116436,65.78896305,24.90534677,6.038524662,SE,3.77E-05,112,1054.172113,0,0,0,0,104.480348,med,430.7924877
-0.635279613,-8.73692875,77.7982722,36.34684395,5.914214756,W,4.56E-05,146,1310.564025,0,0,0,1,148.4804401,lo,871.2813765
-4.47061806,-0.845430771,62.42294294,10.94797627,12.89339513,N,4.21E-05,125,1190.040038,0,1,0,1,127.9166216,lo,679.4661993
0.230740698,-4.295746552,76.076487,50.05618858,9.587134083,NE,3.79E-05,97,1000.416663,0,1,0,1,118.7261778,hi,346.4505562
7.546268089,6.753592321,61.17777712,55.49409111,8.427775706,W,4.16E-05,114,1163.315263,0,0,0,1,130.606226,hi,536.8735699
-2.857935298,-4.675835185,65.25764741,19.4642416,2.313731451,NW,3.70E-05,123,1117.247479,0,0,0,1,126.528457,lo,568.589736
5.652817464,-3.21827122,49.0821805,27.00499241,7.624828084,E,4.22E-05,122,1256.93376,0,1,0,1,142.315806,hi,721.6683443
1.220390709,-3.417755183,85.18964246,59.82830491,7.107767307,N,4.90E-05,133,1342.531759,0,1,0,1,145.1332971,hi,663.6690503
-1.366581728,-11.85868709,64.04020608,24.87114154,11.61023856,S,3.87E-05,118,1177.82287,0,0,1,0,117.2139403,med,667.7857156
10.34792173,12.56244799,46.11705431,11.02101289,3.646060717,E,4.01E-05,121,1152.106856,0,0,0,1,127.733155,med,554.6783904
0.660703511,-7.667887659,70.23444838,23.51938577,16.82639832,NE,4.60E-05,122,1211.216227,0,0,1,0,125.7004224,med,622.7565992
3.735674273,7.093090694,86.02687992,59.05822074,6.197988068,W,4.30E-05,142,1308.046697,0,0,0,1,137.0709199,hi,928.7719052
-4.033796907,0.38817808,65.34304881,30.19438942,7.318054103,W,3.95E-05,122,1145.855206,0,1,0,0,114.3792556,hi,657.8285991
8.856837891,8.28068871,80.1267727,51.55650832,19.34727841,N,3.73E-05,114,1084.910601,0,0,0,1,120.2456164,hi,472.5294056
4.173577506,-4.199987984,65.10044132,56.11824825,15.38519308,SE,3.84E-05,82,932.9439869,0,1,0,1,107.5113155,hi,5.478336991
-3.267658785,0.257946767,96.32801645,74.32026014,7.227576696,NW,4.02E-05,123,1247.980469,0,1,1,0,131.9146532,hi,710.4386664
-1.603990643,-13.67362255,54.43368781,12.92447163,5.427139528,NW,3.96E-05,135,1233.782731,0,0,0,1,136.3326903,hi,671.6139616
6.572825891,8.92073302,88.81551287,54.23139972,10.82793605,SE,4.76E-05,146,1393.538817,1,0,1,0,123.2632146,hi,1257.204554
2.990156025,-3.819391139,97.78708873,49.13918761,18.33110036,SE,3.99E-05,141,1298.087504,0,0,0,1,138.1679162,med,1010.67218
-1.993607059,-9.064337443,66.81668495,31.94792899,4.977458081,NE,4.20E-05,129,1258.913181,0,0,0,1,138.9451538,hi,519.0553683
7.297522726,7.579940249,74.31745609,32.09809368,20.04431256,NW,4.38E-05,142,1337.098552,0,0,1,0,134.3301423,med,1065.574209
5.758294144,12.08081868,71.44808743,47.19593514,16.59614875,S,3.12E-05,89,914.6809775,0,0,1,0,94.66929543,hi,184.7398816
4.00386833,-4.937789858,94.48082002,68.4926329,10.96498688,W,4.10E-05,110,1141.060377,0,1,1,0,118.9259053,hi,575.7530022
2.363213816,-0.787335712,82.36869301,38.69582952,13.37240928,SE,3.70E-05,115,1028.820614,0,1,0,1,116.9745343,lo,445.0147894
5.653092718,7.806720649,75.29276062,30.89187882,5.827901653,NE,4.48E-05,153,1383.404919,1,0,0,0,118.1970204,lo,1362.307778
3.009001153,-5.956755783,56.85481762,28.96840247,9.970363448,NE,4.04E-05,88,1013.324497,0,1,0,1,121.0577912,med,272.6292302
1.79296618,-8.179834157,91.53398854,30.60889913,13.4466824,S,3.81E-05,145,1264.797107,0,1,0,1,139.3205201,lo,991.8703345